{
	"data": [{
			"width": "227px",
			"height": "161px",
			"top": "11px",
			"left": "-26px",
			"zindex": "4",
			"answer": "shaft"
		},
		{
			"width": "250px",
			"height": "160px",
			"top": "-50px",
			"left": "-107px",
			"zindex": "7",
			"answer": "gear"
		},
		{
			"width": "250px",
			"height": "160px",
			"top": "-17px",
			"left": "-105px",
			"zindex": "5",
			"answer": "sung"
		},
		{
			"width": "250px",
			"height": "160px",
			"top": "-56px",
			"left": "-119px",
			"zindex": "8",
			"answer": "spider"
		}
	]
}